character	allegiance	episode	episodes
Tyrion Lannister	Unknown	1	46
Tyrion Lannister	Unknown	2	46
Tyrion Lannister	Unknown	3	46
Tyrion Lannister	Unknown	4	46
Tyrion Lannister	Unknown	5	46
Tyrion Lannister	Unknown	6	46
Tyrion Lannister	Unknown	8	46
Tyrion Lannister	Unknown	9	46
Tyrion Lannister	Unknown	10	46
Tyrion Lannister	Unknown	11	46
Tyrion Lannister	Unknown	12	46
Tyrion Lannister	Unknown	13	46
Tyrion Lannister	Unknown	14	46
Tyrion Lannister	Unknown	15	46
Tyrion Lannister	Unknown	16	46
Tyrion Lannister	Unknown	17	46
Tyrion Lannister	Unknown	18	46
Tyrion Lannister	Unknown	19	46
Tyrion Lannister	Unknown	20	46
Tyrion Lannister	Unknown	21	46
Tyrion Lannister	Unknown	22	46
Tyrion Lannister	Unknown	23	46
Tyrion Lannister	Unknown	24	46
Tyrion Lannister	Unknown	25	46
Tyrion Lannister	Unknown	26	46
Tyrion Lannister	Unknown	27	46
Tyrion Lannister	Unknown	28	46
Tyrion Lannister	Unknown	30	46
Tyrion Lannister	Unknown	31	46
Tyrion Lannister	Unknown	32	46
Tyrion Lannister	Unknown	33	46
Tyrion Lannister	Unknown	34	46
Tyrion Lannister	Unknown	36	46
Tyrion Lannister	Unknown	37	46
Tyrion Lannister	Unknown	38	46
Tyrion Lannister	Unknown	40	46
Tyrion Lannister	Unknown	41	46
Tyrion Lannister	Unknown	42	46
Tyrion Lannister	Unknown	43	46
Tyrion Lannister	Unknown	44	46
Tyrion Lannister	Unknown	45	46
Tyrion Lannister	Unknown	46	46
Tyrion Lannister	Unknown	47	46
Tyrion Lannister	Unknown	48	46
Tyrion Lannister	Unknown	49	46
Tyrion Lannister	Unknown	50	46
Cersei Lannister	Unknown	1	44
Cersei Lannister	Unknown	2	44
Cersei Lannister	Unknown	3	44
Cersei Lannister	Unknown	4	44
Cersei Lannister	Unknown	5	44
Cersei Lannister	Unknown	6	44
Cersei Lannister	Unknown	7	44
Cersei Lannister	Unknown	8	44
Cersei Lannister	Unknown	9	44
Cersei Lannister	Unknown	10	44
Cersei Lannister	Unknown	11	44
Cersei Lannister	Unknown	12	44
Cersei Lannister	Unknown	13	44
Cersei Lannister	Unknown	15	44
Cersei Lannister	Unknown	16	44
Cersei Lannister	Unknown	17	44
Cersei Lannister	Unknown	18	44
Cersei Lannister	Unknown	19	44
Cersei Lannister	Unknown	20	44
Cersei Lannister	Unknown	21	44
Cersei Lannister	Unknown	22	44
Cersei Lannister	Unknown	23	44
Cersei Lannister	Unknown	24	44
Cersei Lannister	Unknown	25	44
Cersei Lannister	Unknown	26	44
Cersei Lannister	Unknown	28	44
Cersei Lannister	Unknown	30	44
Cersei Lannister	Unknown	31	44
Cersei Lannister	Unknown	32	44
Cersei Lannister	Unknown	33	44
Cersei Lannister	Unknown	34	44
Cersei Lannister	Unknown	35	44
Cersei Lannister	Unknown	36	44
Cersei Lannister	Unknown	37	44
Cersei Lannister	Unknown	38	44
Cersei Lannister	Unknown	40	44
Cersei Lannister	Unknown	41	44
Cersei Lannister	Unknown	42	44
Cersei Lannister	Unknown	43	44
Cersei Lannister	Unknown	44	44
Cersei Lannister	Unknown	46	44
Cersei Lannister	Unknown	47	44
Cersei Lannister	Unknown	48	44
Cersei Lannister	Unknown	50	44
Daenerys Targaryen	Unknown	1	41
Jon Snow	Unknown	1	41
Daenerys Targaryen	Unknown	2	41
Jon Snow	Unknown	2	41
Daenerys Targaryen	Unknown	3	41
Jon Snow	Unknown	3	41
Daenerys Targaryen	Unknown	4	41
Jon Snow	Unknown	4	41
Daenerys Targaryen	Unknown	6	41
Daenerys Targaryen	Unknown	7	41
Jon Snow	Unknown	7	41
Daenerys Targaryen	Unknown	8	41
Jon Snow	Unknown	8	41
Daenerys Targaryen	Unknown	9	41
Jon Snow	Unknown	9	41
Daenerys Targaryen	Unknown	10	41
Jon Snow	Unknown	10	41
Daenerys Targaryen	Unknown	11	41
Jon Snow	Unknown	11	41
Daenerys Targaryen	Unknown	12	41
Jon Snow	Unknown	12	41
Jon Snow	Unknown	13	41
Daenerys Targaryen	Unknown	14	41
Daenerys Targaryen	Unknown	15	41
Jon Snow	Unknown	15	41
Daenerys Targaryen	Unknown	16	41
Jon Snow	Unknown	16	41
Daenerys Targaryen	Unknown	17	41
Jon Snow	Unknown	17	41
Daenerys Targaryen	Unknown	18	41
Jon Snow	Unknown	18	41
Daenerys Targaryen	Unknown	20	41
Jon Snow	Unknown	20	41
Daenerys Targaryen	Unknown	21	41
Jon Snow	Unknown	21	41
Jon Snow	Unknown	22	41
Daenerys Targaryen	Unknown	23	41
Jon Snow	Unknown	23	41
Daenerys Targaryen	Unknown	24	41
Daenerys Targaryen	Unknown	25	41
Jon Snow	Unknown	25	41
Jon Snow	Unknown	26	41
Daenerys Targaryen	Unknown	27	41
Jon Snow	Unknown	27	41
Daenerys Targaryen	Unknown	28	41
Daenerys Targaryen	Unknown	29	41
Jon Snow	Unknown	29	41
Daenerys Targaryen	Unknown	30	41
Jon Snow	Unknown	30	41
Daenerys Targaryen	Unknown	31	41
Jon Snow	Unknown	31	41
Daenerys Targaryen	Unknown	33	41
Jon Snow	Unknown	33	41
Daenerys Targaryen	Unknown	34	41
Jon Snow	Unknown	34	41
Daenerys Targaryen	Unknown	35	41
Jon Snow	Unknown	35	41
Daenerys Targaryen	Unknown	36	41
Daenerys Targaryen	Unknown	37	41
Jon Snow	Unknown	37	41
Daenerys Targaryen	Unknown	38	41
Jon Snow	Unknown	38	41
Jon Snow	Unknown	39	41
Daenerys Targaryen	Unknown	40	41
Jon Snow	Unknown	40	41
Daenerys Targaryen	Unknown	41	41
Jon Snow	Unknown	41	41
Daenerys Targaryen	Unknown	42	41
Jon Snow	Unknown	42	41
Jon Snow	Unknown	43	41
Daenerys Targaryen	Unknown	44	41
Jon Snow	Unknown	44	41
Daenerys Targaryen	Unknown	45	41
Jon Snow	Unknown	45	41
Daenerys Targaryen	Unknown	47	41
Jon Snow	Unknown	47	41
Daenerys Targaryen	Unknown	48	41
Jon Snow	Unknown	48	41
Daenerys Targaryen	Unknown	49	41
Jon Snow	Unknown	49	41
Daenerys Targaryen	Unknown	50	41
Jon Snow	Unknown	50	41
Sansa Stark	Unknown	1	40
Sansa Stark	Unknown	2	40
Sansa Stark	Unknown	3	40
Sansa Stark	Unknown	4	40
Sansa Stark	Unknown	5	40
Sansa Stark	Unknown	6	40
Sansa Stark	Unknown	8	40
Sansa Stark	Unknown	9	40
Sansa Stark	Unknown	10	40
Sansa Stark	Unknown	11	40
Sansa Stark	Unknown	13	40
Sansa Stark	Unknown	14	40
Sansa Stark	Unknown	16	40
Sansa Stark	Unknown	17	40
Sansa Stark	Unknown	19	40
Sansa Stark	Unknown	20	40
Sansa Stark	Unknown	21	40
Sansa Stark	Unknown	22	40
Sansa Stark	Unknown	24	40
Sansa Stark	Unknown	25	40
Sansa Stark	Unknown	26	40
Sansa Stark	Unknown	27	40
Sansa Stark	Unknown	28	40
Sansa Stark	Unknown	30	40
Sansa Stark	Unknown	31	40
Sansa Stark	Unknown	32	40
Sansa Stark	Unknown	33	40
Sansa Stark	Unknown	34	40
Sansa Stark	Unknown	35	40
Sansa Stark	Unknown	37	40
Sansa Stark	Unknown	38	40
Sansa Stark	Unknown	41	40
Sansa Stark	Unknown	42	40
Sansa Stark	Unknown	43	40
Sansa Stark	Unknown	44	40
Sansa Stark	Unknown	45	40
Sansa Stark	Unknown	46	40
Sansa Stark	Unknown	47	40
Sansa Stark	Unknown	48	40
Sansa Stark	Unknown	50	40
Jorah Mormont	Unknown	1	39
Arya Stark	Unknown	1	39
Jorah Mormont	Unknown	2	39
Arya Stark	Unknown	2	39
Jorah Mormont	Unknown	3	39
Arya Stark	Unknown	3	39
Jorah Mormont	Unknown	4	39
Arya Stark	Unknown	4	39
Arya Stark	Unknown	5	39
Jorah Mormont	Unknown	6	39
Arya Stark	Unknown	6	39
Jorah Mormont	Unknown	7	39
Jorah Mormont	Unknown	8	39
Arya Stark	Unknown	8	39
Jorah Mormont	Unknown	9	39
Arya Stark	Unknown	9	39
Jorah Mormont	Unknown	10	39
Arya Stark	Unknown	10	39
Jorah Mormont	Unknown	11	39
Arya Stark	Unknown	11	39
Jorah Mormont	Unknown	12	39
Arya Stark	Unknown	12	39
Arya Stark	Unknown	13	39
Jorah Mormont	Unknown	14	39
Arya Stark	Unknown	14	39
Jorah Mormont	Unknown	15	39
Arya Stark	Unknown	15	39
Arya Stark	Unknown	16	39
Jorah Mormont	Unknown	17	39
Arya Stark	Unknown	17	39
Jorah Mormont	Unknown	18	39
Arya Stark	Unknown	18	39
Jorah Mormont	Unknown	20	39
Arya Stark	Unknown	20	39
Jorah Mormont	Unknown	21	39
Arya Stark	Unknown	22	39
Jorah Mormont	Unknown	23	39
Arya Stark	Unknown	23	39
Jorah Mormont	Unknown	24	39
Arya Stark	Unknown	24	39
Jorah Mormont	Unknown	25	39
Arya Stark	Unknown	25	39
Arya Stark	Unknown	26	39
Jorah Mormont	Unknown	27	39
Arya Stark	Unknown	27	39
Jorah Mormont	Unknown	28	39
Arya Stark	Unknown	28	39
Jorah Mormont	Unknown	29	39
Arya Stark	Unknown	29	39
Jorah Mormont	Unknown	30	39
Arya Stark	Unknown	30	39
Arya Stark	Unknown	31	39
Jorah Mormont	Unknown	31	39
Arya Stark	Unknown	33	39
Jorah Mormont	Unknown	33	39
Jorah Mormont	Unknown	34	39
Arya Stark	Unknown	35	39
Jorah Mormont	Unknown	35	39
Jorah Mormont	Unknown	36	39
Arya Stark	Unknown	37	39
Jorah Mormont	Unknown	37	39
Arya Stark	Unknown	38	39
Jorah Mormont	Unknown	38	39
Arya Stark	Unknown	40	39
Arya Stark	Unknown	42	39
Arya Stark	Unknown	43	39
Jorah Mormont	Unknown	43	39
Jorah Mormont	Unknown	44	39
Jorah Mormont	Unknown	45	39
Arya Stark	Unknown	46	39
Jorah Mormont	Unknown	46	39
Jorah Mormont	Unknown	47	39
Arya Stark	Unknown	48	39
Jorah Mormont	Unknown	48	39
Arya Stark	Unknown	49	39
Jorah Mormont	Unknown	49	39
Arya Stark	Unknown	50	39
Jorah Mormont	Unknown	50	39
Jaime Lannister	Unknown	1	35
Jaime Lannister	Unknown	2	35
Jaime Lannister	Unknown	3	35
Jaime Lannister	Unknown	4	35
Samwell Tarly	Unknown	4	35
Jaime Lannister	Unknown	5	35
Jaime Lannister	Unknown	7	35
Samwell Tarly	Unknown	7	35
Samwell Tarly	Unknown	8	35
Jaime Lannister	Unknown	9	35
Samwell Tarly	Unknown	9	35
Jaime Lannister	Unknown	10	35
Samwell Tarly	Unknown	10	35
Jaime Lannister	Unknown	11	35
Samwell Tarly	Unknown	11	35
Samwell Tarly	Unknown	12	35
Samwell Tarly	Unknown	13	35
Samwell Tarly	Unknown	15	35
Jaime Lannister	Unknown	17	35
Jaime Lannister	Unknown	18	35
Samwell Tarly	Unknown	18	35
Jaime Lannister	Unknown	20	35
Samwell Tarly	Unknown	20	35
Samwell Tarly	Unknown	21	35
Jaime Lannister	Unknown	22	35
Samwell Tarly	Unknown	22	35
Jaime Lannister	Unknown	23	35
Samwell Tarly	Unknown	23	35
Jaime Lannister	Unknown	24	35
Samwell Tarly	Unknown	24	35
Jaime Lannister	Unknown	25	35
Jaime Lannister	Unknown	26	35
Samwell Tarly	Unknown	26	35
Jaime Lannister	Unknown	27	35
Samwell Tarly	Unknown	28	35
Samwell Tarly	Unknown	29	35
Jaime Lannister	Unknown	30	35
Samwell Tarly	Unknown	30	35
Jaime Lannister	Unknown	31	35
Samwell Tarly	Unknown	31	35
Jaime Lannister	Unknown	32	35
Jaime Lannister	Unknown	33	35
Samwell Tarly	Unknown	33	35
Jaime Lannister	Unknown	34	35
Samwell Tarly	Unknown	34	35
Jaime Lannister	Unknown	35	35
Jaime Lannister	Unknown	36	35
Jaime Lannister	Unknown	37	35
Samwell Tarly	Unknown	37	35
Jaime Lannister	Unknown	38	35
Samwell Tarly	Unknown	38	35
Samwell Tarly	Unknown	39	35
Jaime Lannister	Unknown	40	35
Samwell Tarly	Unknown	40	35
Jaime Lannister	Unknown	41	35
Samwell Tarly	Unknown	41	35
Jaime Lannister	Unknown	42	35
Samwell Tarly	Unknown	42	35
Samwell Tarly	Unknown	43	35
Jaime Lannister	Unknown	44	35
Samwell Tarly	Unknown	44	35
Samwell Tarly	Unknown	45	35
Jaime Lannister	Unknown	46	35
Jaime Lannister	Unknown	47	35
Samwell Tarly	Unknown	47	35
Samwell Tarly	Unknown	48	35
Jaime Lannister	Unknown	49	35
Samwell Tarly	Unknown	49	35
Jaime Lannister	Unknown	50	35
Samwell Tarly	Unknown	50	35
Theon Greyjoy	Unknown	1	32
Theon Greyjoy	Unknown	2	32
Theon Greyjoy	Unknown	4	32
Theon Greyjoy	Unknown	5	32
Theon Greyjoy	Unknown	6	32
Theon Greyjoy	Unknown	7	32
Theon Greyjoy	Unknown	8	32
Theon Greyjoy	Unknown	9	32
Theon Greyjoy	Unknown	10	32
Theon Greyjoy	Unknown	11	32
Theon Greyjoy	Unknown	12	32
Theon Greyjoy	Unknown	13	32
Theon Greyjoy	Unknown	15	32
Theon Greyjoy	Unknown	16	32
Theon Greyjoy	Unknown	17	32
Theon Greyjoy	Unknown	18	32
Theon Greyjoy	Unknown	20	32
Theon Greyjoy	Unknown	22	32
Theon Greyjoy	Unknown	23	32
Theon Greyjoy	Unknown	24	32
Theon Greyjoy	Unknown	26	32
Theon Greyjoy	Unknown	27	32
Theon Greyjoy	Unknown	30	32
Theon Greyjoy	Unknown	32	32
Theon Greyjoy	Unknown	36	32
Theon Greyjoy	Unknown	38	32
Theon Greyjoy	Unknown	43	32
Theon Greyjoy	Unknown	45	32
Theon Greyjoy	Unknown	46	32
Theon Greyjoy	Unknown	47	32
Theon Greyjoy	Unknown	48	32
Theon Greyjoy	Unknown	50	32
Petyr 'Littlefinger' Baelish	Unknown	3	30
Petyr 'Littlefinger' Baelish	Unknown	4	30
Petyr 'Littlefinger' Baelish	Unknown	5	30
Petyr 'Littlefinger' Baelish	Unknown	6	30
Petyr 'Littlefinger' Baelish	Unknown	7	30
Petyr 'Littlefinger' Baelish	Unknown	8	30
Petyr 'Littlefinger' Baelish	Unknown	9	30
Petyr 'Littlefinger' Baelish	Unknown	10	30
Petyr 'Littlefinger' Baelish	Unknown	11	30
Petyr 'Littlefinger' Baelish	Unknown	12	30
Petyr 'Littlefinger' Baelish	Unknown	13	30
Petyr 'Littlefinger' Baelish	Unknown	14	30
Petyr 'Littlefinger' Baelish	Unknown	15	30
Petyr 'Littlefinger' Baelish	Unknown	16	30
Petyr 'Littlefinger' Baelish	Unknown	20	30
Petyr 'Littlefinger' Baelish	Unknown	21	30
Petyr 'Littlefinger' Baelish	Unknown	23	30
Petyr 'Littlefinger' Baelish	Unknown	25	30
Petyr 'Littlefinger' Baelish	Unknown	26	30
Petyr 'Littlefinger' Baelish	Unknown	33	30
Petyr 'Littlefinger' Baelish	Unknown	34	30
Petyr 'Littlefinger' Baelish	Unknown	35	30
Petyr 'Littlefinger' Baelish	Unknown	37	30
Petyr 'Littlefinger' Baelish	Unknown	38	30
Petyr 'Littlefinger' Baelish	Unknown	41	30
Petyr 'Littlefinger' Baelish	Unknown	42	30
Petyr 'Littlefinger' Baelish	Unknown	43	30
Petyr 'Littlefinger' Baelish	Unknown	44	30
Petyr 'Littlefinger' Baelish	Unknown	46	30
Petyr 'Littlefinger' Baelish	Unknown	47	30
Sandor 'The Hound' Clegane	Unknown	1	27
Sandor 'The Hound' Clegane	Unknown	2	27
Grand Maester Pycelle	Unknown	3	27
Sandor 'The Hound' Clegane	Unknown	4	27
Grand Maester Pycelle	Unknown	4	27
Sandor 'The Hound' Clegane	Unknown	5	27
Grand Maester Pycelle	Unknown	5	27
Grand Maester Pycelle	Unknown	6	27
Sandor 'The Hound' Clegane	Unknown	7	27
Tywin Lannister	Unknown	7	27
Grand Maester Pycelle	Unknown	7	27
Sandor 'The Hound' Clegane	Unknown	8	27
Tywin Lannister	Unknown	8	27
Grand Maester Pycelle	Unknown	8	27
Sandor 'The Hound' Clegane	Unknown	9	27
Tywin Lannister	Unknown	9	27
Grand Maester Pycelle	Unknown	9	27
Sandor 'The Hound' Clegane	Unknown	10	27
Tywin Lannister	Unknown	10	27
Grand Maester Pycelle	Unknown	10	27
Sandor 'The Hound' Clegane	Unknown	11	27
Grand Maester Pycelle	Unknown	11	27
Grand Maester Pycelle	Unknown	12	27
Grand Maester Pycelle	Unknown	13	27
Tywin Lannister	Unknown	14	27
Sandor 'The Hound' Clegane	Unknown	14	27
Tywin Lannister	Unknown	15	27
Tywin Lannister	Unknown	16	27
Sandor 'The Hound' Clegane	Unknown	16	27
Tywin Lannister	Unknown	17	27
Sandor 'The Hound' Clegane	Unknown	17	27
Tywin Lannister	Unknown	18	27
Tywin Lannister	Unknown	19	27
Sandor 'The Hound' Clegane	Unknown	19	27
Grand Maester Pycelle	Unknown	19	27
Tywin Lannister	Unknown	20	27
Grand Maester Pycelle	Unknown	20	27
Tywin Lannister	Unknown	21	27
Sandor 'The Hound' Clegane	Unknown	22	27
Tywin Lannister	Unknown	23	27
Sandor 'The Hound' Clegane	Unknown	23	27
Grand Maester Pycelle	Unknown	23	27
Tywin Lannister	Unknown	24	27
Sandor 'The Hound' Clegane	Unknown	24	27
Tywin Lannister	Unknown	25	27
Sandor 'The Hound' Clegane	Unknown	25	27
Tywin Lannister	Unknown	26	27
Tywin Lannister	Unknown	27	27
Sandor 'The Hound' Clegane	Unknown	27	27
Tywin Lannister	Unknown	28	27
Sandor 'The Hound' Clegane	Unknown	28	27
Grand Maester Pycelle	Unknown	28	27
Sandor 'The Hound' Clegane	Unknown	29	27
Tywin Lannister	Unknown	30	27
Sandor 'The Hound' Clegane	Unknown	30	27
Grand Maester Pycelle	Unknown	30	27
Tywin Lannister	Unknown	31	27
Sandor 'The Hound' Clegane	Unknown	31	27
Tywin Lannister	Unknown	32	27
Grand Maester Pycelle	Unknown	32	27
Tywin Lannister	Unknown	33	27
Sandor 'The Hound' Clegane	Unknown	33	27
Grand Maester Pycelle	Unknown	33	27
Tywin Lannister	Unknown	35	27
Sandor 'The Hound' Clegane	Unknown	35	27
Grand Maester Pycelle	Unknown	35	27
Tywin Lannister	Unknown	36	27
Grand Maester Pycelle	Unknown	36	27
Sandor 'The Hound' Clegane	Unknown	37	27
Tywin Lannister	Unknown	38	27
Sandor 'The Hound' Clegane	Unknown	38	27
Grand Maester Pycelle	Unknown	38	27
Tywin Lannister	Unknown	40	27
Sandor 'The Hound' Clegane	Unknown	40	27
Grand Maester Pycelle	Unknown	40	27
Tywin Lannister	Unknown	41	27
Grand Maester Pycelle	Unknown	41	27
Grand Maester Pycelle	Unknown	42	27
Grand Maester Pycelle	Unknown	43	27
Grand Maester Pycelle	Unknown	44	27
Grand Maester Pycelle	Unknown	50	27
Joffrey Baratheon	Unknown	1	26
Joffrey Baratheon	Unknown	2	26
Joffrey Baratheon	Unknown	3	26
Lord Varys	Unknown	3	26
Joffrey Baratheon	Unknown	4	26
Lord Varys	Unknown	4	26
Bronn	Unknown	4	26
Joffrey Baratheon	Unknown	5	26
Lord Varys	Unknown	5	26
Bronn	Unknown	5	26
Joffrey Baratheon	Unknown	6	26
Bronn	Unknown	6	26
Joffrey Baratheon	Unknown	7	26
Lord Varys	Unknown	7	26
Joffrey Baratheon	Unknown	8	26
Lord Varys	Unknown	8	26
Bronn	Unknown	8	26
Joffrey Baratheon	Unknown	9	26
Lord Varys	Unknown	9	26
Bronn	Unknown	9	26
Joffrey Baratheon	Unknown	10	26
Lord Varys	Unknown	10	26
Joffrey Baratheon	Unknown	11	26
Bronn	Unknown	11	26
Lord Varys	Unknown	11	26
Bronn	Unknown	12	26
Lord Varys	Unknown	12	26
Bronn	Unknown	13	26
Lord Varys	Unknown	13	26
Brienne of Tarth	Unknown	13	26
Joffrey Baratheon	Unknown	14	26
Bronn	Unknown	14	26
Brienne of Tarth	Unknown	14	26
Bronn	Unknown	15	26
Brienne of Tarth	Unknown	15	26
Joffrey Baratheon	Unknown	16	26
Brienne of Tarth	Unknown	16	26
Brienne of Tarth	Unknown	17	26
Joffrey Baratheon	Unknown	18	26
Bronn	Unknown	18	26
Lord Varys	Unknown	18	26
Brienne of Tarth	Unknown	18	26
Joffrey Baratheon	Unknown	19	26
Bronn	Unknown	19	26
Lord Varys	Unknown	19	26
Joffrey Baratheon	Unknown	20	26
Lord Varys	Unknown	20	26
Brienne of Tarth	Unknown	20	26
Joffrey Baratheon	Unknown	21	26
Bronn	Unknown	21	26
Joffrey Baratheon	Unknown	22	26
Brienne of Tarth	Unknown	22	26
Lord Varys	Unknown	23	26
Bronn	Unknown	23	26
Brienne of Tarth	Unknown	23	26
Joffrey Baratheon	Unknown	24	26
Lord Varys	Unknown	24	26
Brienne of Tarth	Unknown	24	26
Brienne of Tarth	Unknown	25	26
Joffrey Baratheon	Unknown	26	26
Lord Varys	Unknown	26	26
Brienne of Tarth	Unknown	26	26
Joffrey Baratheon	Unknown	27	26
Bronn	Unknown	27	26
Brienne of Tarth	Unknown	27	26
Joffrey Baratheon	Unknown	28	26
Lord Varys	Unknown	28	26
Bronn	Unknown	28	26
Joffrey Baratheon	Unknown	30	26
Lord Varys	Unknown	30	26
Brienne of Tarth	Unknown	30	26
Joffrey Baratheon	Unknown	31	26
Brienne of Tarth	Unknown	31	26
Bronn	Unknown	31	26
Joffrey Baratheon	Unknown	32	26
Brienne of Tarth	Unknown	32	26
Lord Varys	Unknown	32	26
Bronn	Unknown	32	26
Joffrey Baratheon	Unknown	33	26
Brienne of Tarth	Unknown	34	26
Bronn	Unknown	34	26
Brienne of Tarth	Unknown	35	26
Lord Varys	Unknown	36	26
Brienne of Tarth	Unknown	37	26
Bronn	Unknown	37	26
Lord Varys	Unknown	38	26
Brienne of Tarth	Unknown	40	26
Lord Varys	Unknown	40	26
Lord Varys	Unknown	41	26
Brienne of Tarth	Unknown	41	26
Lord Varys	Unknown	42	26
Bronn	Unknown	42	26
Brienne of Tarth	Unknown	42	26
Lord Varys	Unknown	43	26
Brienne of Tarth	Unknown	43	26
Bronn	Unknown	44	26
Brienne of Tarth	Unknown	45	26
Bronn	Unknown	46	26
Brienne of Tarth	Unknown	47	26
Bronn	Unknown	47	26
Bronn	Unknown	49	26
Lord Varys	Unknown	50	26
Bronn	Unknown	50	26
Brienne of Tarth	Unknown	50	26
Catelyn Stark	Unknown	1	25
Bran Stark	Unknown	1	25
Catelyn Stark	Unknown	2	25
Bran Stark	Unknown	2	25
Catelyn Stark	Unknown	3	25
Bran Stark	Unknown	3	25
Catelyn Stark	Unknown	4	25
Bran Stark	Unknown	4	25
Catelyn Stark	Unknown	5	25
Bran Stark	Unknown	5	25
Catelyn Stark	Unknown	6	25
Bran Stark	Unknown	6	25
Catelyn Stark	Unknown	8	25
Bran Stark	Unknown	8	25
Catelyn Stark	Unknown	9	25
Catelyn Stark	Unknown	10	25
Bran Stark	Unknown	10	25
Catelyn Stark	Unknown	11	25
Bran Stark	Unknown	11	25
Catelyn Stark	Unknown	13	25
Bran Stark	Unknown	13	25
Catelyn Stark	Unknown	14	25
Catelyn Stark	Unknown	15	25
Bran Stark	Unknown	15	25
Catelyn Stark	Unknown	16	25
Bran Stark	Unknown	16	25
Catelyn Stark	Unknown	17	25
Bran Stark	Unknown	17	25
Catelyn Stark	Unknown	18	25
Bran Stark	Unknown	18	25
Catelyn Stark	Unknown	20	25
Bran Stark	Unknown	20	25
Catelyn Stark	Unknown	21	25
Catelyn Stark	Unknown	22	25
Bran Stark	Unknown	22	25
Catelyn Stark	Unknown	23	25
Catelyn Stark	Unknown	24	25
Bran Stark	Unknown	24	25
Catelyn Stark	Unknown	25	25
Catelyn Stark	Unknown	26	25
Bran Stark	Unknown	26	25
Catelyn Stark	Unknown	27	25
Bran Stark	Unknown	27	25
Catelyn Stark	Unknown	29	25
Bran Stark	Unknown	29	25
Bran Stark	Unknown	30	25
Bran Stark	Unknown	32	25
Bran Stark	Unknown	34	25
Bran Stark	Unknown	35	25
Bran Stark	Unknown	40	25
Barristan Selmy	Unknown	3	24
Barristan Selmy	Unknown	4	24
Barristan Selmy	Unknown	5	24
Barristan Selmy	Unknown	6	24
Barristan Selmy	Unknown	7	24
Barristan Selmy	Unknown	8	24
Stannis Baratheon	Unknown	11	24
Eddison Tollett	Unknown	11	24
Stannis Baratheon	Unknown	12	24
Eddison Tollett	Unknown	12	24
Stannis Baratheon	Unknown	14	24
Stannis Baratheon	Unknown	15	24
Eddison Tollett	Unknown	15	24
Stannis Baratheon	Unknown	18	24
Eddison Tollett	Unknown	18	24
Stannis Baratheon	Unknown	19	24
Stannis Baratheon	Unknown	20	24
Eddison Tollett	Unknown	20	24
Stannis Baratheon	Unknown	21	24
Barristan Selmy	Unknown	21	24
Eddison Tollett	Unknown	21	24
Eddison Tollett	Unknown	22	24
Stannis Baratheon	Unknown	23	24
Barristan Selmy	Unknown	23	24
Eddison Tollett	Unknown	23	24
Barristan Selmy	Unknown	24	24
Eddison Tollett	Unknown	24	24
Stannis Baratheon	Unknown	25	24
Barristan Selmy	Unknown	25	24
Barristan Selmy	Unknown	27	24
Stannis Baratheon	Unknown	28	24
Barristan Selmy	Unknown	28	24
Barristan Selmy	Unknown	29	24
Stannis Baratheon	Unknown	30	24
Barristan Selmy	Unknown	30	24
Barristan Selmy	Unknown	31	24
Stannis Baratheon	Unknown	32	24
Stannis Baratheon	Unknown	33	24
Eddison Tollett	Unknown	33	24
Barristan Selmy	Unknown	34	24
Eddison Tollett	Unknown	34	24
Barristan Selmy	Unknown	35	24
Eddison Tollett	Unknown	35	24
Stannis Baratheon	Unknown	36	24
Barristan Selmy	Unknown	36	24
Eddison Tollett	Unknown	37	24
Barristan Selmy	Unknown	38	24
Eddison Tollett	Unknown	38	24
Eddison Tollett	Unknown	39	24
Stannis Baratheon	Unknown	40	24
Barristan Selmy	Unknown	40	24
Eddison Tollett	Unknown	40	24
Stannis Baratheon	Unknown	41	24
Barristan Selmy	Unknown	41	24
Eddison Tollett	Unknown	41	24
Stannis Baratheon	Unknown	42	24
Barristan Selmy	Unknown	42	24
Eddison Tollett	Unknown	42	24
Stannis Baratheon	Unknown	43	24
Eddison Tollett	Unknown	43	24
Stannis Baratheon	Unknown	44	24
Barristan Selmy	Unknown	44	24
Eddison Tollett	Unknown	44	24
Stannis Baratheon	Unknown	45	24
Barristan Selmy	Unknown	45	24
Eddison Tollett	Unknown	45	24
Stannis Baratheon	Unknown	47	24
Eddison Tollett	Unknown	47	24
Eddison Tollett	Unknown	48	24
Stannis Baratheon	Unknown	49	24
Eddison Tollett	Unknown	49	24
Stannis Baratheon	Unknown	50	24
Grenn	Unknown	3	22
Grenn	Unknown	4	22
Grenn	Unknown	7	22
Grenn	Unknown	8	22
Grenn	Unknown	9	22
Grenn	Unknown	10	22
Grenn	Unknown	11	22
Grenn	Unknown	12	22
Podrick Payne	Unknown	12	22
Grenn	Unknown	15	22
Grenn	Unknown	18	22
Podrick Payne	Unknown	18	22
Podrick Payne	Unknown	19	22
Grenn	Unknown	20	22
Podrick Payne	Unknown	20	22
Grenn	Unknown	21	22
Podrick Payne	Unknown	21	22
Missandei	Unknown	21	22
Grenn	Unknown	22	22
Grenn	Unknown	23	22
Podrick Payne	Unknown	23	22
Missandei	Unknown	23	22
Grenn	Unknown	24	22
Missandei	Unknown	24	22
Missandei	Unknown	25	22
Podrick Payne	Unknown	25	22
Missandei	Unknown	27	22
Missandei	Unknown	28	22
Podrick Payne	Unknown	28	22
Missandei	Unknown	29	22
Podrick Payne	Unknown	30	22
Missandei	Unknown	30	22
Missandei	Unknown	31	22
Podrick Payne	Unknown	31	22
Podrick Payne	Unknown	32	22
Missandei	Unknown	33	22
Grenn	Unknown	33	22
Podrick Payne	Unknown	33	22
Missandei	Unknown	34	22
Grenn	Unknown	34	22
Podrick Payne	Unknown	34	22
Missandei	Unknown	35	22
Podrick Payne	Unknown	35	22
Grenn	Unknown	35	22
Missandei	Unknown	36	22
Grenn	Unknown	37	22
Podrick Payne	Unknown	37	22
Missandei	Unknown	38	22
Grenn	Unknown	38	22
Grenn	Unknown	39	22
Missandei	Unknown	40	22
Grenn	Unknown	40	22
Podrick Payne	Unknown	40	22
Missandei	Unknown	41	22
Podrick Payne	Unknown	41	22
Missandei	Unknown	42	22
Podrick Payne	Unknown	42	22
Podrick Payne	Unknown	43	22
Missandei	Unknown	44	22
Missandei	Unknown	45	22
Podrick Payne	Unknown	45	22
Podrick Payne	Unknown	47	22
Missandei	Unknown	48	22
Missandei	Unknown	49	22
Missandei	Unknown	50	22
Podrick Payne	Unknown	50	22
Robb Stark	Unknown	1	21
Hodor	Unknown	1	21
Robb Stark	Unknown	2	21
Robb Stark	Unknown	3	21
Robb Stark	Unknown	4	21
Hodor	Unknown	4	21
Robb Stark	Unknown	6	21
Hodor	Unknown	6	21
Robb Stark	Unknown	8	21
Hodor	Unknown	8	21
Robb Stark	Unknown	9	21
Robb Stark	Unknown	10	21
Hodor	Unknown	10	21
Davos Seaworth	Unknown	11	21
Robb Stark	Unknown	11	21
Hodor	Unknown	11	21
Davos Seaworth	Unknown	12	21
Margaery Tyrell	Unknown	13	21
Hodor	Unknown	13	21
Davos Seaworth	Unknown	14	21
Robb Stark	Unknown	14	21
Margaery Tyrell	Unknown	14	21
Davos Seaworth	Unknown	15	21
Margaery Tyrell	Unknown	15	21
Hodor	Unknown	15	21
Robb Stark	Unknown	16	21
Hodor	Unknown	16	21
Robb Stark	Unknown	17	21
Hodor	Unknown	17	21
Davos Seaworth	Unknown	18	21
Robb Stark	Unknown	18	21
Hodor	Unknown	18	21
Davos Seaworth	Unknown	19	21
Robb Stark	Unknown	20	21
Margaery Tyrell	Unknown	20	21
Hodor	Unknown	20	21
Robb Stark	Unknown	21	21
Davos Seaworth	Unknown	21	21
Margaery Tyrell	Unknown	21	21
Robb Stark	Unknown	22	21
Margaery Tyrell	Unknown	22	21
Hodor	Unknown	22	21
Robb Stark	Unknown	23	21
Margaery Tyrell	Unknown	24	21
Robb Stark	Unknown	25	21
Davos Seaworth	Unknown	25	21
Margaery Tyrell	Unknown	25	21
Robb Stark	Unknown	26	21
Hodor	Unknown	26	21
Robb Stark	Unknown	27	21
Margaery Tyrell	Unknown	27	21
Hodor	Unknown	27	21
Davos Seaworth	Unknown	28	21
Margaery Tyrell	Unknown	28	21
Robb Stark	Unknown	29	21
Hodor	Unknown	29	21
Davos Seaworth	Unknown	30	21
Hodor	Unknown	30	21
Margaery Tyrell	Unknown	31	21
Margaery Tyrell	Unknown	32	21
Davos Seaworth	Unknown	32	21
Hodor	Unknown	32	21
Margaery Tyrell	Unknown	33	21
Davos Seaworth	Unknown	33	21
Margaery Tyrell	Unknown	34	21
Hodor	Unknown	34	21
Margaery Tyrell	Unknown	35	21
Hodor	Unknown	35	21
Margaery Tyrell	Unknown	36	21
Davos Seaworth	Unknown	36	21
Davos Seaworth	Unknown	40	21
Hodor	Unknown	40	21
Margaery Tyrell	Unknown	41	21
Davos Seaworth	Unknown	41	21
Davos Seaworth	Unknown	42	21
Margaery Tyrell	Unknown	43	21
Davos Seaworth	Unknown	43	21
Margaery Tyrell	Unknown	44	21
Davos Seaworth	Unknown	45	21
Margaery Tyrell	Unknown	46	21
Margaery Tyrell	Unknown	47	21
Davos Seaworth	Unknown	47	21
Davos Seaworth	Unknown	49	21
Davos Seaworth	Unknown	50	21
Shae	Unknown	9	20
Shae	Unknown	10	20
Shae	Unknown	11	20
Shae	Unknown	12	20
Shae	Unknown	13	20
Shae	Unknown	16	20
Shae	Unknown	17	20
Shae	Unknown	18	20
Shae	Unknown	19	20
Shae	Unknown	20	20
Shae	Unknown	21	20
Shae	Unknown	22	20
Shae	Unknown	26	20
Shae	Unknown	27	20
Shae	Unknown	28	20
Shae	Unknown	30	20
Shae	Unknown	31	20
Shae	Unknown	32	20
Shae	Unknown	36	20
Shae	Unknown	40	20
Loras Tyrell	Unknown	5	19
Loras Tyrell	Unknown	6	19
Melisandre	Unknown	11	19
Melisandre	Unknown	12	19
Loras Tyrell	Unknown	13	19
Melisandre	Unknown	14	19
Loras Tyrell	Unknown	14	19
Loras Tyrell	Unknown	15	19
Loras Tyrell	Unknown	19	19
Melisandre	Unknown	20	19
Loras Tyrell	Unknown	20	19
Melisandre	Unknown	21	19
Loras Tyrell	Unknown	21	19
Loras Tyrell	Unknown	22	19
Melisandre	Unknown	23	19
Loras Tyrell	Unknown	25	19
Melisandre	Unknown	26	19
Loras Tyrell	Unknown	26	19
Melisandre	Unknown	27	19
Melisandre	Unknown	28	19
Loras Tyrell	Unknown	28	19
Melisandre	Unknown	30	19
Melisandre	Unknown	32	19
Loras Tyrell	Unknown	32	19
Loras Tyrell	Unknown	35	19
Loras Tyrell	Unknown	36	19
Melisandre	Unknown	37	19
Melisandre	Unknown	40	19
Melisandre	Unknown	41	19
Loras Tyrell	Unknown	41	19
Loras Tyrell	Unknown	43	19
Melisandre	Unknown	44	19
Loras Tyrell	Unknown	44	19
Melisandre	Unknown	45	19
Loras Tyrell	Unknown	46	19
Melisandre	Unknown	47	19
Melisandre	Unknown	49	19
Melisandre	Unknown	50	19
Tommen Baratheon	Unknown	1	18
Tommen Baratheon	Unknown	2	18
Tommen Baratheon	Unknown	4	18
Tommen Baratheon	Unknown	5	18
Gilly	Unknown	11	18
Tommen Baratheon	Unknown	11	18
Gilly	Unknown	12	18
Gilly	Unknown	13	18
Tommen Baratheon	Unknown	13	18
Tommen Baratheon	Unknown	16	18
Tommen Baratheon	Unknown	19	18
Gilly	Unknown	23	18
Gilly	Unknown	24	18
Gilly	Unknown	26	18
Gilly	Unknown	28	18
Gilly	Unknown	29	18
Gilly	Unknown	30	18
Tommen Baratheon	Unknown	32	18
Gilly	Unknown	33	18
Tommen Baratheon	Unknown	33	18
Tommen Baratheon	Unknown	34	18
Tommen Baratheon	Unknown	35	18
Tommen Baratheon	Unknown	36	18
Gilly	Unknown	38	18
Gilly	Unknown	39	18
Gilly	Unknown	41	18
Tommen Baratheon	Unknown	41	18
Gilly	Unknown	42	18
Tommen Baratheon	Unknown	43	18
Tommen Baratheon	Unknown	44	18
Gilly	Unknown	45	18
Tommen Baratheon	Unknown	46	18
Gilly	Unknown	47	18
Tommen Baratheon	Unknown	47	18
Gilly	Unknown	48	18
Gilly	Unknown	50	18
Gendry	Unknown	4	17
Meryn Trant	Unknown	8	17
Gendry	Unknown	10	17
Meryn Trant	Unknown	10	17
Gendry	Unknown	11	17
Meryn Trant	Unknown	11	17
Gendry	Unknown	12	17
Gendry	Unknown	13	17
Roose Bolton	Unknown	14	17
Gendry	Unknown	14	17
Meryn Trant	Unknown	14	17
Gendry	Unknown	15	17
Roose Bolton	Unknown	16	17
Ygritte	Unknown	16	17
Meryn Trant	Unknown	16	17
Roose Bolton	Unknown	17	17
Ygritte	Unknown	17	17
Roose Bolton	Unknown	18	17
Ygritte	Unknown	18	17
Gendry	Unknown	18	17
Ygritte	Unknown	20	17
Gendry	Unknown	20	17
Ygritte	Unknown	21	17
Roose Bolton	Unknown	21	17
Tormund Giantsbane	Unknown	21	17
Meryn Trant	Unknown	21	17
Gendry	Unknown	22	17
Ygritte	Unknown	22	17
Roose Bolton	Unknown	22	17
Tormund Giantsbane	Unknown	22	17
Gendry	Unknown	23	17
Ygritte	Unknown	23	17
Tormund Giantsbane	Unknown	23	17
Gendry	Unknown	24	17
Gendry	Unknown	25	17
Ygritte	Unknown	25	17
Roose Bolton	Unknown	25	17
Tormund Giantsbane	Unknown	25	17
Grey Worm	Unknown	25	17
Gendry	Unknown	26	17
Ygritte	Unknown	26	17
Roose Bolton	Unknown	26	17
Tormund Giantsbane	Unknown	26	17
Gendry	Unknown	27	17
Ygritte	Unknown	27	17
Roose Bolton	Unknown	27	17
Tormund Giantsbane	Unknown	27	17
Grey Worm	Unknown	27	17
Gendry	Unknown	28	17
Grey Worm	Unknown	28	17
Meryn Trant	Unknown	28	17
Ygritte	Unknown	29	17
Roose Bolton	Unknown	29	17
Tormund Giantsbane	Unknown	29	17
Grey Worm	Unknown	29	17
Ygritte	Unknown	30	17
Gendry	Unknown	30	17
Roose Bolton	Unknown	30	17
Grey Worm	Unknown	30	17
Ygritte	Unknown	31	17
Tormund Giantsbane	Unknown	31	17
Grey Worm	Unknown	31	17
Meryn Trant	Unknown	31	17
Roose Bolton	Unknown	32	17
Meryn Trant	Unknown	32	17
Ygritte	Unknown	33	17
Tormund Giantsbane	Unknown	33	17
Grey Worm	Unknown	33	17
Meryn Trant	Unknown	33	17
Grey Worm	Unknown	34	17
Grey Worm	Unknown	35	17
Grey Worm	Unknown	36	17
Meryn Trant	Unknown	36	17
Ygritte	Unknown	38	17
Tormund Giantsbane	Unknown	38	17
Roose Bolton	Unknown	38	17
Grey Worm	Unknown	38	17
Ygritte	Unknown	39	17
Tormund Giantsbane	Unknown	39	17
Ygritte	Unknown	40	17
Tormund Giantsbane	Unknown	40	17
Grey Worm	Unknown	40	17
Tormund Giantsbane	Unknown	41	17
Grey Worm	Unknown	41	17
Meryn Trant	Unknown	41	17
Grey Worm	Unknown	42	17
Meryn Trant	Unknown	42	17
Roose Bolton	Unknown	43	17
Meryn Trant	Unknown	43	17
Grey Worm	Unknown	44	17
Meryn Trant	Unknown	44	17
Tormund Giantsbane	Unknown	45	17
Roose Bolton	Unknown	45	17
Grey Worm	Unknown	45	17
Roose Bolton	Unknown	46	17
Tormund Giantsbane	Unknown	47	17
Tormund Giantsbane	Unknown	48	17
Roose Bolton	Unknown	48	17
Tormund Giantsbane	Unknown	49	17
Meryn Trant	Unknown	49	17
Meryn Trant	Unknown	50	17
Grey Worm	Unknown	50	17
Alliser Thorne	Unknown	3	16
Alliser Thorne	Unknown	4	16
Alliser Thorne	Unknown	7	16
Alliser Thorne	Unknown	8	16
Alliser Thorne	Unknown	31	16
Alliser Thorne	Unknown	33	16
Alliser Thorne	Unknown	34	16
Alliser Thorne	Unknown	37	16
Alliser Thorne	Unknown	39	16
Alliser Thorne	Unknown	41	16
Alliser Thorne	Unknown	42	16
Alliser Thorne	Unknown	43	16
Alliser Thorne	Unknown	45	16
Alliser Thorne	Unknown	47	16
Alliser Thorne	Unknown	49	16
Alliser Thorne	Unknown	50	16
Daario Naharis	Unknown	28	15
Daario Naharis	Unknown	29	15
Daario Naharis	Unknown	30	15
Daario Naharis	Unknown	31	15
Daario Naharis	Unknown	33	15
Daario Naharis	Unknown	34	15
Daario Naharis	Unknown	35	15
Daario Naharis	Unknown	37	15
Daario Naharis	Unknown	41	15
Daario Naharis	Unknown	42	15
Daario Naharis	Unknown	44	15
Daario Naharis	Unknown	45	15
Daario Naharis	Unknown	47	15
Daario Naharis	Unknown	49	15
Daario Naharis	Unknown	50	15
Maester Luwin	Unknown	1	14
Ros	Unknown	1	14
Maester Luwin	Unknown	2	14
Maester Luwin	Unknown	4	14
Janos Slynt	Unknown	4	14
Maester Luwin	Unknown	5	14
Ros	Unknown	5	14
Ros	Unknown	6	14
Maester Luwin	Unknown	7	14
Janos Slynt	Unknown	7	14
Ros	Unknown	7	14
Maester Luwin	Unknown	8	14
Janos Slynt	Unknown	8	14
Maester Luwin	Unknown	10	14
Ros	Unknown	10	14
Maester Luwin	Unknown	11	14
Ros	Unknown	11	14
Janos Slynt	Unknown	11	14
Janos Slynt	Unknown	12	14
Ros	Unknown	12	14
Maester Luwin	Unknown	13	14
Ros	Unknown	14	14
Maester Luwin	Unknown	15	14
Maester Luwin	Unknown	16	14
Maester Luwin	Unknown	17	14
Maester Luwin	Unknown	18	14
Ros	Unknown	18	14
Maester Luwin	Unknown	20	14
Ros	Unknown	20	14
Ros	Unknown	21	14
Ros	Unknown	23	14
Ros	Unknown	24	14
Ros	Unknown	26	14
Janos Slynt	Unknown	31	14
Janos Slynt	Unknown	33	14
Olly	Unknown	33	14
Janos Slynt	Unknown	34	14
Olly	Unknown	34	14
Janos Slynt	Unknown	37	14
Olly	Unknown	37	14
Janos Slynt	Unknown	39	14
Olly	Unknown	39	14
Janos Slynt	Unknown	40	14
Olly	Unknown	40	14
Janos Slynt	Unknown	41	14
Olly	Unknown	41	14
Janos Slynt	Unknown	42	14
Olly	Unknown	42	14
Janos Slynt	Unknown	43	14
Olly	Unknown	43	14
Olly	Unknown	44	14
Olly	Unknown	45	14
Olly	Unknown	47	14
Olly	Unknown	48	14
Olly	Unknown	49	14
Olly	Unknown	50	14
Myrcella Baratheon	Unknown	1	13
Irri	Unknown	2	13
Myrcella Baratheon	Unknown	2	13
Pypar	Unknown	3	13
Irri	Unknown	3	13
Pypar	Unknown	4	13
Irri	Unknown	4	13
Myrcella Baratheon	Unknown	4	13
Myrcella Baratheon	Unknown	5	13
Osha	Unknown	6	13
Irri	Unknown	6	13
Osha	Unknown	7	13
Pypar	Unknown	7	13
Irri	Unknown	7	13
Osha	Unknown	8	13
Pypar	Unknown	8	13
Irri	Unknown	8	13
Pypar	Unknown	9	13
Irri	Unknown	9	13
Osha	Unknown	10	13
Pypar	Unknown	10	13
Irri	Unknown	10	13
Osha	Unknown	11	13
Irri	Unknown	11	13
Myrcella Baratheon	Unknown	11	13
Irri	Unknown	12	13
Myrcella Baratheon	Unknown	13	13
Irri	Unknown	14	13
Irri	Unknown	15	13
Myrcella Baratheon	Unknown	15	13
Osha	Unknown	16	13
Irri	Unknown	16	13
Myrcella Baratheon	Unknown	16	13
Osha	Unknown	17	13
Osha	Unknown	18	13
Osha	Unknown	20	13
Osha	Unknown	22	13
Osha	Unknown	26	13
Osha	Unknown	27	13
Osha	Unknown	29	13
Pypar	Unknown	30	13
Pypar	Unknown	33	13
Pypar	Unknown	34	13
Pypar	Unknown	37	13
Pypar	Unknown	38	13
Pypar	Unknown	39	13
Pypar	Unknown	40	13
Myrcella Baratheon	Unknown	42	13
Myrcella Baratheon	Unknown	46	13
Myrcella Baratheon	Unknown	47	13
Myrcella Baratheon	Unknown	49	13
Myrcella Baratheon	Unknown	50	13
Rodrik Cassel	Unknown	1	12
Rickon Stark	Unknown	1	12
Rodrik Cassel	Unknown	2	12
Jeor Mormont	Unknown	3	12
Rodrik Cassel	Unknown	3	12
Lancel Lannister	Unknown	3	12
Rodrik Cassel	Unknown	4	12
Rodrik Cassel	Unknown	5	12
Lancel Lannister	Unknown	5	12
Rodrik Cassel	Unknown	6	12
Lancel Lannister	Unknown	6	12
Jeor Mormont	Unknown	7	12
Jeor Mormont	Unknown	8	12
Rodrik Cassel	Unknown	8	12
Rickon Stark	Unknown	8	12
Jeor Mormont	Unknown	9	12
Rodrik Cassel	Unknown	9	12
Jeor Mormont	Unknown	10	12
Rodrik Cassel	Unknown	10	12
Lancel Lannister	Unknown	10	12
Rickon Stark	Unknown	10	12
Jeor Mormont	Unknown	11	12
Rodrik Cassel	Unknown	11	12
Jaqen H'ghar	Unknown	12	12
Jeor Mormont	Unknown	13	12
Jaqen H'ghar	Unknown	13	12
Lancel Lannister	Unknown	14	12
Jeor Mormont	Unknown	15	12
Rodrik Cassel	Unknown	15	12
Jaqen H'ghar	Unknown	15	12
Lancel Lannister	Unknown	15	12
Rickon Stark	Unknown	15	12
Rodrik Cassel	Unknown	16	12
Jaqen H'ghar	Unknown	16	12
Rickon Stark	Unknown	16	12
Rickon Stark	Unknown	17	12
Jaqen H'ghar	Unknown	18	12
Rickon Stark	Unknown	18	12
Lancel Lannister	Unknown	19	12
Jaqen H'ghar	Unknown	20	12
Rickon Stark	Unknown	20	12
Jeor Mormont	Unknown	21	12
Jeor Mormont	Unknown	22	12
Rickon Stark	Unknown	22	12
Jeor Mormont	Unknown	23	12
Jeor Mormont	Unknown	24	12
Rickon Stark	Unknown	26	12
Rickon Stark	Unknown	27	12
Rickon Stark	Unknown	29	12
Lancel Lannister	Unknown	41	12
Jaqen H'ghar	Unknown	42	12
Jaqen H'ghar	Unknown	43	12
Lancel Lannister	Unknown	43	12
Lancel Lannister	Unknown	44	12
Jaqen H'ghar	Unknown	46	12
Lancel Lannister	Unknown	46	12
Lancel Lannister	Unknown	47	12
Jaqen H'ghar	Unknown	48	12
Jaqen H'ghar	Unknown	49	12
Jaqen H'ghar	Unknown	50	12
Doreah	Unknown	2	11
Maester Aemon	Unknown	3	11
Doreah	Unknown	4	11
Doreah	Unknown	6	11
Maester Aemon	Unknown	7	11
Doreah	Unknown	7	11
Othell Yarwyck	Unknown	7	11
Doreah	Unknown	8	11
Othell Yarwyck	Unknown	8	11
Maester Aemon	Unknown	9	11
Doreah	Unknown	9	11
Hot Pie	Unknown	10	11
Hot Pie	Unknown	11	11
Doreah	Unknown	11	11
Doreah	Unknown	12	11
Hot Pie	Unknown	12	11
Hot Pie	Unknown	13	11
Talisa Maegyr	Unknown	14	11
Doreah	Unknown	14	11
Hot Pie	Unknown	14	11
Doreah	Unknown	15	11
Hot Pie	Unknown	15	11
Talisa Maegyr	Unknown	16	11
Talisa Maegyr	Unknown	17	11
Talisa Maegyr	Unknown	18	11
Hot Pie	Unknown	18	11
Talisa Maegyr	Unknown	20	11
Hot Pie	Unknown	20	11
Doreah	Unknown	20	11
Talisa Maegyr	Unknown	21	11
Qyburn	Unknown	21	11
Talisa Maegyr	Unknown	22	11
Olenna Tyrell	Unknown	22	11
Hot Pie	Unknown	22	11
Talisa Maegyr	Unknown	23	11
Hot Pie	Unknown	23	11
Olenna Tyrell	Unknown	24	11
Talisa Maegyr	Unknown	25	11
Olenna Tyrell	Unknown	25	11
Qyburn	Unknown	25	11
Olenna Tyrell	Unknown	26	11
Talisa Maegyr	Unknown	27	11
Qyburn	Unknown	27	11
Olenna Tyrell	Unknown	28	11
Talisa Maegyr	Unknown	29	11
Maester Aemon	Unknown	30	11
Qyburn	Unknown	30	11
Olenna Tyrell	Unknown	31	11
Maester Aemon	Unknown	31	11
Qyburn	Unknown	31	11
Othell Yarwyck	Unknown	31	11
Olenna Tyrell	Unknown	32	11
Olenna Tyrell	Unknown	33	11
Maester Aemon	Unknown	33	11
Othell Yarwyck	Unknown	33	11
Olenna Tyrell	Unknown	34	11
Hot Pie	Unknown	37	11
Othell Yarwyck	Unknown	37	11
Maester Aemon	Unknown	39	11
Maester Aemon	Unknown	40	11
Qyburn	Unknown	40	11
Maester Aemon	Unknown	42	11
Qyburn	Unknown	42	11
Othell Yarwyck	Unknown	42	11
Qyburn	Unknown	43	11
Othell Yarwyck	Unknown	43	11
Qyburn	Unknown	44	11
Maester Aemon	Unknown	45	11
Othell Yarwyck	Unknown	45	11
Olenna Tyrell	Unknown	46	11
Olenna Tyrell	Unknown	47	11
Maester Aemon	Unknown	47	11
Othell Yarwyck	Unknown	47	11
Qyburn	Unknown	48	11
Othell Yarwyck	Unknown	49	11
Qyburn	Unknown	50	11
Othell Yarwyck	Unknown	50	11
Khal Drogo	Unknown	1	10
Khal Drogo	Unknown	2	10
Khal Drogo	Unknown	3	10
Khal Drogo	Unknown	4	10
Khal Drogo	Unknown	6	10
Khal Drogo	Unknown	7	10
Khal Drogo	Unknown	8	10
Khal Drogo	Unknown	9	10
Khal Drogo	Unknown	10	10
Khal Drogo	Unknown	20	10
Jojen Reed (as Thomas Brodie Sangster)	Unknown	22	10
Jojen Reed (as Thomas Brodie Sangster)	Unknown	24	10
Selyse Baratheon	Unknown	25	10
Shireen Baratheon	Unknown	25	10
Jojen Reed (as Thomas Brodie Sangster)	Unknown	26	10
Jojen Reed (as Thomas Brodie Sangster)	Unknown	27	10
Jojen Reed (as Thomas Brodie Sangster)	Unknown	29	10
Jojen Reed (as Thomas Brodie Sangster)	Unknown	30	10
Shireen Baratheon	Unknown	30	10
Selyse Baratheon	Unknown	32	10
Jojen Reed (as Thomas Brodie Sangster)	Unknown	32	10
Shireen Baratheon	Unknown	32	10
Shireen Baratheon	Unknown	33	10
Jojen Reed (as Thomas Brodie Sangster)	Unknown	34	10
Jojen Reed (as Thomas Brodie Sangster)	Unknown	35	10
Selyse Baratheon	Unknown	37	10
Jojen Reed (as Thomas Brodie Sangster)	Unknown	40	10
Selyse Baratheon	Unknown	40	10
Shireen Baratheon	Unknown	40	10
Selyse Baratheon	Unknown	41	10
Shireen Baratheon	Unknown	41	10
Selyse Baratheon	Unknown	42	10
Shireen Baratheon	Unknown	42	10
Selyse Baratheon	Unknown	44	10
Shireen Baratheon	Unknown	44	10
Selyse Baratheon	Unknown	45	10
Shireen Baratheon	Unknown	45	10
Selyse Baratheon	Unknown	49	10
Shireen Baratheon	Unknown	49	10
Selyse Baratheon	Unknown	50	10
Eddard 'Ned' Stark	Unknown	1	9
Eddard 'Ned' Stark	Unknown	2	9
Eddard 'Ned' Stark	Unknown	3	9
Eddard 'Ned' Stark	Unknown	4	9
Gregor Clegane	Unknown	4	9
Eddard 'Ned' Stark	Unknown	5	9
Gregor Clegane	Unknown	5	9
Eddard 'Ned' Stark	Unknown	6	9
Eddard 'Ned' Stark	Unknown	7	9
Eddard 'Ned' Stark	Unknown	8	9
Eddard 'Ned' Stark	Unknown	9	9
Gregor Clegane	Unknown	14	9
Gregor Clegane	Unknown	17	9
Gregor Clegane	Unknown	18	9
Ramsay Snow	Unknown	22	9
Meera Reed	Unknown	22	9
Ramsay Snow	Unknown	23	9
Ramsay Snow	Unknown	24	9
Ramsay Snow	Unknown	26	9
Meera Reed	Unknown	26	9
Ramsay Snow	Unknown	27	9
Meera Reed	Unknown	27	9
Meera Reed	Unknown	29	9
Ramsay Snow	Unknown	30	9
Meera Reed	Unknown	30	9
Ellaria Sand	Unknown	31	9
Whore	Unknown	31	9
Whore	Unknown	31	9
Ramsay Snow	Unknown	32	9
Ellaria Sand	Unknown	32	9
Mace Tyrell	Unknown	32	9
Meera Reed	Unknown	32	9
Ellaria Sand	Unknown	33	9
Whore	Unknown	33	9
Meera Reed	Unknown	34	9
Mace Tyrell	Unknown	35	9
Meera Reed	Unknown	35	9
Ramsay Snow	Unknown	36	9
Mace Tyrell	Unknown	36	9
Gregor Clegane	Unknown	37	9
Ramsay Snow	Unknown	38	9
Ellaria Sand	Unknown	38	9
Mace Tyrell	Unknown	38	9
Gregor Clegane	Unknown	38	9
Meera Reed	Unknown	40	9
Gregor Clegane	Unknown	40	9
Mace Tyrell	Unknown	41	9
Ellaria Sand	Unknown	42	9
Mace Tyrell	Unknown	42	9
Mace Tyrell	Unknown	43	9
Ellaria Sand	Unknown	44	9
Mace Tyrell	Unknown	44	9
Whore	Unknown	44	9
Whore	Unknown	44	9
Whore	Unknown	44	9
Whore	Unknown	44	9
Whore	Unknown	44	9
Whore	Unknown	44	9
Ellaria Sand	Unknown	46	9
Ellaria Sand	Unknown	49	9
Mace Tyrell	Unknown	49	9
Ellaria Sand	Unknown	50	9
Gregor Clegane	Unknown	50	9
Renly Baratheon	Unknown	3	8
Renly Baratheon	Unknown	4	8
Renly Baratheon	Unknown	5	8
Renly Baratheon	Unknown	6	8
Renly Baratheon	Unknown	7	8
Kovarro	Unknown	11	8
Kovarro	Unknown	12	8
Renly Baratheon	Unknown	13	8
Renly Baratheon	Unknown	14	8
Kovarro	Unknown	14	8
Renly Baratheon	Unknown	15	8
Kovarro	Unknown	15	8
Kovarro	Unknown	16	8
Kovarro	Unknown	17	8
Kovarro	Unknown	18	8
Kovarro	Unknown	20	8
Locke	Unknown	22	8
Locke	Unknown	23	8
Locke	Unknown	24	8
Locke	Unknown	25	8
Locke	Unknown	27	8
Locke	Unknown	32	8
Hizdahr zo Loraq	Unknown	33	8
Locke	Unknown	34	8
Locke	Unknown	35	8
Hizdahr zo Loraq	Unknown	36	8
Hizdahr zo Loraq	Unknown	41	8
Hizdahr zo Loraq	Unknown	42	8
Hizdahr zo Loraq	Unknown	44	8
Hizdahr zo Loraq	Unknown	45	8
Hizdahr zo Loraq	Unknown	47	8
Hizdahr zo Loraq	Unknown	49	8
Robert Baratheon	Unknown	1	7
White Walker	Unknown	1	7
White Walker	Unknown	1	7
Robert Baratheon	Unknown	2	7
Rast (as Luke McEwan)	Unknown	2	7
Robert Baratheon	Unknown	3	7
Yoren	Unknown	3	7
Rast (as Luke McEwan)	Unknown	3	7
Rakharo	Unknown	3	7
Robert Baratheon	Unknown	4	7
Yoren	Unknown	4	7
Rast (as Luke McEwan)	Unknown	4	7
Robert Baratheon	Unknown	5	7
Yoren	Unknown	5	7
Robin Arryn	Unknown	5	7
Robert Baratheon	Unknown	6	7
Robin Arryn	Unknown	6	7
Rakharo	Unknown	6	7
Robert Baratheon	Unknown	7	7
Rast (as Luke McEwan)	Unknown	7	7
Rakharo	Unknown	7	7
Rast (as Luke McEwan)	Unknown	8	7
Rakharo	Unknown	8	7
Kevan Lannister	Unknown	8	7
Robin Arryn	Unknown	8	7
Yoren	Unknown	9	7
Rast (as Luke McEwan)	Unknown	9	7
Rakharo	Unknown	9	7
Kevan Lannister	Unknown	9	7
Yoren	Unknown	10	7
Rakharo	Unknown	10	7
Kevan Lannister	Unknown	10	7
Rakharo	Unknown	11	7
Yoren	Unknown	12	7
White Walker	Unknown	12	7
Yoren	Unknown	13	7
High Septon	Unknown	16	7
Kevan Lannister	Unknown	18	7
White Walker	Unknown	20	7
Rast (as Luke McEwan)	Unknown	24	7
Olyvar	Unknown	25	7
Myranda	Unknown	27	7
High Septon	Unknown	28	7
White Walker	Unknown	28	7
Oberyn Martell	Unknown	31	7
Olyvar	Unknown	31	7
Oberyn Martell	Unknown	32	7
Myranda	Unknown	32	7
High Septon	Unknown	32	7
Oberyn Martell	Unknown	33	7
Olyvar	Unknown	33	7
High Septon	Unknown	33	7
White Walker	Unknown	34	7
Oberyn Martell	Unknown	35	7
Robin Arryn	Unknown	35	7
High Septon	Unknown	35	7
Oberyn Martell	Unknown	36	7
Myranda	Unknown	36	7
Oberyn Martell	Unknown	37	7
Robin Arryn	Unknown	37	7
Oberyn Martell	Unknown	38	7
Robin Arryn	Unknown	38	7
Olyvar	Unknown	41	7
Kevan Lannister	Unknown	41	7
High Septon	Unknown	41	7
Bowen Marsh	Unknown	41	7
Robin Arryn	Unknown	41	7
Kevan Lannister	Unknown	42	7
Bowen Marsh	Unknown	42	7
Olyvar	Unknown	43	7
Myranda	Unknown	43	7
High Septon	Unknown	43	7
Bowen Marsh	Unknown	43	7
Olyvar	Unknown	44	7
Myranda	Unknown	45	7
Bowen Marsh	Unknown	45	7
Olyvar	Unknown	46	7
Myranda	Unknown	46	7
Bowen Marsh	Unknown	47	7
White Walker	Unknown	48	7
Bowen Marsh	Unknown	49	7
Myranda	Unknown	50	7
Kevan Lannister	Unknown	50	7
Bowen Marsh	Unknown	50	7
Qotho	Unknown	1	6
Septa Mordane	Unknown	1	6
Qotho	Unknown	2	6
Septa Mordane	Unknown	3	6
Septa Mordane	Unknown	4	6
Septa Mordane	Unknown	5	6
Septa Mordane	Unknown	6	6
Qotho	Unknown	6	6
Qotho	Unknown	7	6
Septa Mordane	Unknown	8	6
Qotho	Unknown	8	6
Qotho	Unknown	9	6
Dontos Hollard	Unknown	11	6
Marei	Unknown	11	6
Yara Greyjoy	Unknown	12	6
Marei	Unknown	12	6
Yara Greyjoy	Unknown	13	6
Dontos Hollard	Unknown	14	6
Yara Greyjoy	Unknown	15	6
Yara Greyjoy	Unknown	18	6
Dontos Hollard	Unknown	19	6
Orell	Unknown	22	6
Thoros of Myr	Unknown	22	6
Anguy	Unknown	22	6
Orell	Unknown	23	6
Thoros of Myr	Unknown	23	6
Anguy	Unknown	23	6
Marei	Unknown	23	6
Thoros of Myr	Unknown	24	6
Anguy	Unknown	24	6
Thoros of Myr	Unknown	25	6
Orell	Unknown	25	6
Anguy	Unknown	25	6
Thoros of Myr	Unknown	26	6
Orell	Unknown	26	6
Anguy	Unknown	26	6
Orell	Unknown	27	6
Thoros of Myr	Unknown	27	6
Anguy	Unknown	27	6
Orell	Unknown	29	6
Yara Greyjoy	Unknown	30	6
Dontos Hollard	Unknown	31	6
Marei	Unknown	31	6
Dontos Hollard	Unknown	32	6
Dontos Hollard	Unknown	33	6
Marei	Unknown	33	6
Yara Greyjoy	Unknown	36	6
Ramsay Bolton	Unknown	43	6
Marei	Unknown	44	6
Ramsay Bolton	Unknown	45	6
Ramsay Bolton	Unknown	46	6
Ramsay Bolton	Unknown	47	6
Ramsay Bolton	Unknown	48	6
Ramsay Bolton	Unknown	50	6
Viserys Targaryen	Unknown	1	5
Jory Cassel	Unknown	1	5
Viserys Targaryen	Unknown	2	5
Jory Cassel	Unknown	2	5
Viserys Targaryen	Unknown	3	5
Jory Cassel	Unknown	3	5
Viserys Targaryen	Unknown	4	5
Jory Cassel	Unknown	4	5
Jory Cassel	Unknown	5	5
Lysa Arryn	Unknown	5	5
Viserys Targaryen	Unknown	6	5
Lysa Arryn	Unknown	6	5
Lysa Arryn	Unknown	8	5
Craster	Unknown	11	5
Craster	Unknown	12	5
Craster	Unknown	13	5
Xaro Xhoan Daxos	Unknown	14	5
Xaro Xhoan Daxos	Unknown	15	5
Dagmer Cleftjaw	Unknown	15	5
Xaro Xhoan Daxos	Unknown	16	5
Dagmer Cleftjaw	Unknown	16	5
Xaro Xhoan Daxos	Unknown	17	5
Dagmer Cleftjaw	Unknown	17	5
Rickard Karstark	Unknown	17	5
Dagmer Cleftjaw	Unknown	18	5
Rickard Karstark	Unknown	18	5
Xaro Xhoan Daxos	Unknown	20	5
Dagmer Cleftjaw	Unknown	20	5
Mance Rayder	Unknown	21	5
Rickard Karstark	Unknown	21	5
Rast	Unknown	21	5
Mance Rayder	Unknown	22	5
Rickard Karstark	Unknown	22	5
Rast	Unknown	22	5
Mance Rayder	Unknown	23	5
Craster	Unknown	23	5
Brynden 'Blackfish' Tully	Unknown	23	5
Edmure Tully	Unknown	23	5
Rast	Unknown	23	5
Craster's Wife	Unknown	23	5
Craster	Unknown	24	5
Brynden 'Blackfish' Tully	Unknown	25	5
Edmure Tully	Unknown	25	5
Rickard Karstark	Unknown	25	5
Brynden 'Blackfish' Tully	Unknown	26	5
Edmure Tully	Unknown	26	5
Brynden 'Blackfish' Tully	Unknown	27	5
Edmure Tully	Unknown	27	5
Brynden 'Blackfish' Tully	Unknown	29	5
Edmure Tully	Unknown	29	5
Yunkai Citizen	Unknown	30	5
Yunkai Citizen	Unknown	30	5
Yunkai Citizen	Unknown	30	5
Yunkai Citizen	Unknown	30	5
Yunkai Citizen	Unknown	30	5
Rast	Unknown	34	5
Craster's Wife	Unknown	34	5
Craster's Wife	Unknown	34	5
Craster's Wife	Unknown	34	5
Lysa Arryn	Unknown	35	5
Rast	Unknown	35	5
Craster's Wife	Unknown	35	5
Lysa Arryn	Unknown	37	5
Mance Rayder	Unknown	40	5
Mance Rayder	Unknown	41	5
Areo Hotah (as DeObia Oparei)	Unknown	42	5
High Sparrow	Unknown	43	5
High Sparrow	Unknown	44	5
Obara Sand	Unknown	44	5
Tyene Sand	Unknown	44	5
Nymeria Sand	Unknown	44	5
High Sparrow	Unknown	46	5
Areo Hotah (as DeObia Oparei)	Unknown	46	5
Obara Sand	Unknown	46	5
Tyene Sand	Unknown	46	5
Nymeria Sand	Unknown	46	5
High Sparrow	Unknown	47	5
Areo Hotah (as DeObia Oparei)	Unknown	47	5
Obara Sand	Unknown	47	5
Tyene Sand	Unknown	47	5
Nymeria Sand	Unknown	47	5
Areo Hotah (as DeObia Oparei)	Unknown	49	5
Obara Sand	Unknown	49	5
Tyene Sand	Unknown	49	5
Nymeria Sand	Unknown	49	5
High Sparrow	Unknown	50	5
Areo Hotah (as DeObia Oparei)	Unknown	50	5
Obara Sand	Unknown	50	5
Tyene Sand	Unknown	50	5
Nymeria Sand	Unknown	50	5
Ilyn Payne	Unknown	2	4
King's Landing Page	Unknown	3	4
Marillion	Unknown	4	4
Marillion	Unknown	5	4
King's Landing Page	Unknown	5	4
Marillion	Unknown	6	4
King's Landing Page	Unknown	7	4
Armeca	Unknown	7	4
King's Landing Page	Unknown	8	4
Ilyn Payne	Unknown	9	4
Marillion	Unknown	10	4
Ilyn Payne	Unknown	10	4
Lommy Greenhands	Unknown	10	4
Lommy Greenhands	Unknown	11	4
Matthos Seaworth	Unknown	11	4
Armeca	Unknown	11	4
Lommy Greenhands	Unknown	12	4
Rorge	Unknown	12	4
Matthos Seaworth	Unknown	12	4
Armeca	Unknown	12	4
Biter	Unknown	12	4
Lommy Greenhands	Unknown	13	4
Amory Lorch	Unknown	13	4
Rorge	Unknown	13	4
Biter	Unknown	13	4
Pyat Pree	Unknown	14	4
Amory Lorch	Unknown	14	4
Pyat Pree	Unknown	15	4
Qhorin Halfhand	Unknown	15	4
Lorren	Unknown	15	4
Amory Lorch	Unknown	15	4
Qhorin Halfhand	Unknown	16	4
Amory Lorch	Unknown	16	4
Lorren	Unknown	16	4
Rioter	Unknown	16	4
Rioter	Unknown	16	4
Rioter	Unknown	16	4
Pyat Pree	Unknown	17	4
Lorren	Unknown	17	4
Rioter	Unknown	17	4
Qhorin Halfhand	Unknown	18	4
Rorge	Unknown	18	4
Biter	Unknown	18	4
Matthos Seaworth	Unknown	18	4
Matthos Seaworth	Unknown	19	4
Armeca	Unknown	19	4
Ilyn Payne	Unknown	19	4
Pyat Pree	Unknown	20	4
Qhorin Halfhand	Unknown	20	4
Lorren	Unknown	20	4
Karl Tanner	Unknown	23	4
Beric Dondarrion	Unknown	24	4
Karl Tanner	Unknown	24	4
Beric Dondarrion	Unknown	25	4
Beric Dondarrion	Unknown	26	4
Beric Dondarrion	Unknown	27	4
Styr	Unknown	31	4
Walda Bolton	Unknown	32	4
Styr	Unknown	33	4
Karl Tanner	Unknown	34	4
Karl Tanner	Unknown	35	4
Rorge	Unknown	37	4
Biter	Unknown	37	4
Styr	Unknown	38	4
Styr	Unknown	39	4
Doran Martell	Unknown	42	4
Trystane Martell	Unknown	42	4
Waif	Unknown	43	4
Walda Bolton	Unknown	43	4
Walda Bolton	Unknown	45	4
Doran Martell	Unknown	46	4
Waif	Unknown	46	4
Trystane Martell	Unknown	46	4
Walda Bolton	Unknown	46	4
Waif	Unknown	48	4
Karsi's Daughter	Unknown	48	4
Karsi's Daughter	Unknown	48	4
Doran Martell	Unknown	49	4
Trystane Martell	Unknown	49	4
Karsi's Daughter	Unknown	49	4
Karsi's Daughter	Unknown	49	4
Doran Martell	Unknown	50	4
Waif	Unknown	50	4
Trystane Martell	Unknown	50	4
Benjen Stark	Unknown	1	3
Benjen Stark	Unknown	2	3
Benjen Stark	Unknown	3	3
Syrio Forel	Unknown	3	3
Gold Cloak	Unknown	5	3
Syrio Forel	Unknown	6	3
Syrio Forel	Unknown	8	3
Greatjon Umber	Unknown	8	3
Mirri Maz Duur	Unknown	8	3
Walder Frey	Unknown	9	3
Greatjon Umber	Unknown	9	3
Mirri Maz Duur	Unknown	9	3
Night's Watchman	Unknown	9	3
Black Walder Rivers	Unknown	9	3
Greatjon Umber	Unknown	10	3
Mirri Maz Duur	Unknown	10	3
Alton Lannister	Unknown	11	3
Daisy	Unknown	11	3
Balon Greyjoy	Unknown	12	3
Salladhor Saan	Unknown	12	3
Alton Lannister	Unknown	12	3
Gold Cloak	Unknown	12	3
Balon Greyjoy	Unknown	13	3
Polliver	Unknown	13	3
Daisy	Unknown	13	3
Gold Cloak	Unknown	13	3
Spice King	Unknown	14	3
Lannister Guard	Unknown	14	3
Polliver	Unknown	14	3
Daisy	Unknown	14	3
Silk King	Unknown	14	3
Silk King	Unknown	15	3
Spice King	Unknown	16	3
Spice King	Unknown	17	3
Alton Lannister	Unknown	17	3
Handmaid	Unknown	17	3
Silk King	Unknown	17	3
Rattleshirt	Unknown	18	3
Rattleshirt	Unknown	20	3
Salladhor Saan	Unknown	21	3
Kraznys mo Nakloz	Unknown	21	3
Rattleshirt	Unknown	21	3
Giant	Unknown	21	3
Kraznys mo Nakloz	Unknown	23	3
Kraznys mo Nakloz	Unknown	24	3
Black Walder Rivers	Unknown	26	3
Handmaid	Unknown	26	3
Walder Frey	Unknown	29	3
Black Walder Rivers	Unknown	29	3
Walder Frey	Unknown	30	3
Balon Greyjoy	Unknown	30	3
Night's Watchman	Unknown	30	3
Polliver	Unknown	31	3
Thenn Warg	Unknown	31	3
Handmaid	Unknown	31	3
Thenn Warg	Unknown	33	3
Meereen Slave Master	Unknown	33	3
Meereen Slave Master	Unknown	33	3
Meereen Slave Master	Unknown	33	3
Mossador	Unknown	34	3
Salladhor Saan	Unknown	36	3
Lhara	Unknown	36	3
Thenn Warg	Unknown	39	3
Giant	Unknown	39	3
Giant	Unknown	40	3
Mossador	Unknown	41	3
Mossador	Unknown	42	3
Septa Unella	Unknown	47	3
Septa Unella	Unknown	48	3
Night's Watchman	Unknown	48	3
Lhara	Unknown	48	3
Lhara	Unknown	49	3
Lannister Guard	Unknown	49	3
Lannister Guard	Unknown	49	3
Septa Unella	Unknown	50	3
Illyrio Mopatis	Unknown	1	2
Old Nan	Unknown	3	2
King's Landing Whore	Unknown	3	2
Old Nan	Unknown	4	2
Hugh of the Vale	Unknown	4	2
Tobho Mott	Unknown	4	2
Knight of House Bracken	Unknown	4	2
Illyrio Mopatis	Unknown	5	2
Mord	Unknown	5	2
Hugh of the Vale	Unknown	5	2
Vardis Egen	Unknown	5	2
Knight of House Bracken	Unknown	5	2
King's Landing Whore	Unknown	5	2
Mord	Unknown	6	2
Vardis Egen	Unknown	6	2
Little Bird	Unknown	7	2
Shagga	Unknown	8	2
Stark Guard	Unknown	8	2
Shagga	Unknown	9	2
Bronn (credit only)	Unknown	10	2
Stark Guard	Unknown	10	2
Tobho Mott	Unknown	11	2
Male Prostitute	Unknown	11	2
Male Prostitute	Unknown	12	2
Tickler	Unknown	14	2
Hallyne	Unknown	15	2
Quaithe	Unknown	15	2
Tickler	Unknown	15	2
Winterfell Farmer	Unknown	15	2
Farlen	Unknown	16	2
Drennan	Unknown	16	2
Lannister Captain	Unknown	16	2
Jacks	Unknown	16	2
Quent	Unknown	16	2
Quaithe	Unknown	17	2
Winterfell Farmer	Unknown	17	2
Farlen	Unknown	17	2
Drennan	Unknown	17	2
Jacks	Unknown	17	2
Stark Guard (as David Sheenan)	Unknown	17	2
Quent	Unknown	17	2
Stark Guard (as David Sheenan)	Unknown	18	2
Lannister Captain	Unknown	18	2
Hallyne	Unknown	19	2
Septon	Unknown	20	2
Unsullied	Unknown	21	2
Skinner	Unknown	22	2
Skinner	Unknown	23	2
Greizhen mo Ullhor (as Clifford Barry)	Unknown	23	2
Kayla	Unknown	23	2
Martyn Lannister	Unknown	23	2
Willem Lannister	Unknown	23	2
Greizhen mo Ullhor (as Clifford Barry)	Unknown	24	2
Martyn Lannister	Unknown	25	2
Willem Lannister	Unknown	25	2
Lothar Frey	Unknown	26	2
Lothar Frey	Unknown	29	2
Septon	Unknown	29	2
Old Man	Unknown	29	2
Kayla	Unknown	32	2
Mole's Town Whore	Unknown	33	2
Mole's Town Madam	Unknown	33	2
Night's King	Unknown	34	2
Morag	Unknown	34	2
Unsullied	Unknown	34	2
Bronn (credit only)	Unknown	35	2
Morag	Unknown	35	2
Donnel Waynwood	Unknown	35	2
Tycho Nestoris	Unknown	36	2
Yohn Royce	Unknown	38	2
Mole's Town Whore	Unknown	38	2
Donnel Waynwood	Unknown	38	2
Mole's Town Madam	Unknown	38	2
Little Bird	Unknown	38	2
Ternesio Terys	Unknown	40	2
Yohn Royce	Unknown	41	2
Meereenese Prostitute	Unknown	41	2
Ternesio Terys	Unknown	42	2
Old Woman	Unknown	43	2
Meereenese Prostitute	Unknown	44	2
Old Woman	Unknown	45	2
Old Man	Unknown	45	2
Malko	Unknown	46	2
Ghita	Unknown	46	2
Yezzan zo Qaggaz	Unknown	47	2
Malko	Unknown	47	2
Yezzan zo Qaggaz	Unknown	48	2
Night's King	Unknown	48	2
Wun Wun	Unknown	48	2
Thin Man	Unknown	48	2
Tycho Nestoris	Unknown	49	2
Wun Wun	Unknown	49	2
Thin Man	Unknown	49	2
Ghita	Unknown	50	2
Will	Unknown	1	1
Jon Arryn	Unknown	1	1
Waymar Royce	Unknown	1	1
Gared	Unknown	1	1
Pentoshi Servant	Unknown	1	1
Wildling Girl	Unknown	1	1
Jhiqui	Unknown	2	1
Mycah	Unknown	2	1
Catspaw	Unknown	2	1
Lannister Guardsman	Unknown	2	1
Drunk Patron (as Paul Portelli)	Unknown	3	1
Goldcloak #1 (as Nickovich Sammut)	Unknown	3	1
Goldcloak #2	Unknown	3	1
Knight of House Frey	Unknown	4	1
Knight of House Whent	Unknown	4	1
Masha Heddie	Unknown	4	1
Mhaegen (as Antonia Christopher)	Unknown	5	1
Dothraki Old Crone (as Amira Ghazella)	Unknown	6	1
Riverlands Petitioner	Unknown	6	1
Stiv	Unknown	6	1
Knight of the Vale (as Patrick Rocks)	Unknown	6	1
Older Knight of the Vale	Unknown	6	1
Night's Watch Deserter (as Barry O'Connor)	Unknown	6	1
Beric Dondarrion (as David Scott)	Unknown	6	1
Wine Merchant	Unknown	7	1
Varly	Unknown	7	1
Jaremy Rykker	Unknown	7	1
Night's Watch Officer	Unknown	7	1
Tomard	Unknown	7	1
Lannister Messenger	Unknown	8	1
Steward of House Stark	Unknown	8	1
Night's Watch Brother	Unknown	8	1
Lannister Scout	Unknown	8	1
Stable Boy	Unknown	8	1
King's Landing Baker	Unknown	9	1
Stevron Frey	Unknown	9	1
King's Landing Urchin	Unknown	9	1
Eddard 'Ned' Stark (credit only)	Unknown	10	1
Rickard Karstark (as Steven Blount)	Unknown	10	1
Jonos Bracken	Unknown	10	1
Leo Lefford (as Vincent McCabe)	Unknown	10	1
Addam Marbrand (as BJ Hogg)	Unknown	10	1
Maester Cressen	Unknown	11	1
Northern Lord	Unknown	11	1
Mhaegen	Unknown	11	1
Chella (as Natalie Lee)	Unknown	11	1
Lord Portan	Unknown	11	1
Melee Herald	Unknown	11	1
Captain's Daughter	Unknown	12	1
Lordsport Dockhand	Unknown	12	1
Customer	Unknown	12	1
Rodrik Cassel (credit only)	Unknown	13	1
Drowned Priest	Unknown	13	1
Timett	Unknown	13	1
Gerald	Unknown	13	1
Baratheon Guard	Unknown	13	1
Rennick	Unknown	14	1
Old Woman Prisoner	Unknown	14	1
Wounded Lannister	Unknown	14	1
Tortured Prisoner	Unknown	14	1
Osha (as Natalie Tena)	Unknown	15	1
Protestor (as Edward Tudor Pole)	Unknown	15	1
Reginald Lannister (as Patrick Fitzsymons)	Unknown	15	1
Quartheen Woman	Unknown	15	1
Theon's Master of Hounds	Unknown	17	1
Torrhen Karstark	Unknown	17	1
Karstark Soldier #1	Unknown	17	1
Karstark Soldier #2	Unknown	17	1
Stark Messenger	Unknown	18	1
Lannister Torturer	Unknown	18	1
Lannister Soldier	Unknown	18	1
Singing Lannister Soldier	Unknown	19	1
Imry Florent (as Gordan Mahon)	Unknown	19	1
Mandon Moore	Unknown	19	1
Baratheon Officer	Unknown	19	1
Captain of the Archers	Unknown	19	1
Jaqen's New Face	Unknown	20	1
Stark Soldier	Unknown	20	1
Soldier Tom (as Christopher Reilly)	Unknown	20	1
Rhaego	Unknown	20	1
Mirelle	Unknown	21	1
Boat Commander	Unknown	21	1
Margaery's Handmaid	Unknown	21	1
Orphan #1	Unknown	21	1
Warlock	Unknown	21	1
Riverrun Traveler	Unknown	22	1
Tailor	Unknown	22	1
Server	Unknown	22	1
Bolton Soldier	Unknown	23	1
Craster's Younger Wife	Unknown	23	1
Genna	Unknown	23	1
Tortured Slave	Unknown	23	1
Young Tyrell Lady	Unknown	24	1
Bolton Man	Unknown	24	1
Sorcerer	Unknown	24	1
Young Captive	Unknown	25	1
Razdal mo Eraz	Unknown	27	1
Steelshanks Walton	Unknown	27	1
Violet	Unknown	27	1
The Bear	Unknown	27	1
Mero	Unknown	28	1
Prendahl na Ghezn	Unknown	28	1
Yunkai Whore	Unknown	28	1
Roslin Frey	Unknown	29	1
Frey Guard	Unknown	29	1
Merry Frey	Unknown	29	1
Hog Farmer	Unknown	29	1
Joyeuse Erenford	Unknown	29	1
Wendel Manderly (as Oddie Bradell)	Unknown	29	1
Drummer	Unknown	29	1
Frey Soldier #1	Unknown	30	1
Frey Soldier #2	Unknown	30	1
Fruit Vendor (as Alexander Mileman)	Unknown	30	1
Desmond Crakehall	Unknown	30	1
Morgan	Unknown	31	1
Morgan's Friend	Unknown	31	1
Innkeeper	Unknown	31	1
Lord Blackmont	Unknown	31	1
Ser Endrew Tarth	Unknown	31	1
Valyrian Sword Smith	Unknown	31	1
Innkeeper's Daughter	Unknown	31	1
Tansy	Unknown	32	1
Axell Florent	Unknown	32	1
Musician (as Jn r Birgisson)	Unknown	32	1
Musician (as Orri Pll Drason)	Unknown	32	1
Musician	Unknown	32	1
King Joffrey Baratheon Dwarf	Unknown	32	1
King Stannis Baratheon Dwarf (as Max Laird)	Unknown	32	1
King Renly Baratheon Dwarf	Unknown	32	1
King Robb Stark Dwarf	Unknown	32	1
King Balon Greyjoy Dwarf	Unknown	32	1
Brienne of Tarth (credit only)	Unknown	33	1
Lord Varys (credit only)	Unknown	33	1
Farmer Hamlet	Unknown	33	1
Guymon	Unknown	33	1
Guymon's Mother	Unknown	33	1
Night's Watch Ranger (as Patrick Molloy)	Unknown	33	1
Farmer's Daughter (as Trixiebelle Harrowell)	Unknown	33	1
Meereen Slave	Unknown	33	1
Slave Master	Unknown	34	1
Elder Meereen Slave	Unknown	34	1
Valyrian Slave	Unknown	34	1
Goat Herd	Unknown	36	1
First Mate	Unknown	36	1
Whore (as Samantha McEwan)	Unknown	36	1
Ironborn	Unknown	36	1
Bolton Guard	Unknown	36	1
Manservant	Unknown	36	1
Goat Herd Boy	Unknown	36	1
Dying Man	Unknown	37	1
Prisoner	Unknown	37	1
Anya Waynwood	Unknown	38	1
Ralf Kenning	Unknown	38	1
Adrack Humble	Unknown	38	1
Vance Corbray	Unknown	38	1
Kegs	Unknown	38	1
Black Jack Bulwer	Unknown	38	1
Mully	Unknown	38	1
Mag the Mighty	Unknown	39	1
Three-Eyed Raven	Unknown	40	1
Fennesz	Unknown	40	1
Leaf	Unknown	40	1
Grieving Father	Unknown	40	1
Child of the Forest	Unknown	40	1
Maggy	Unknown	41	1
Young Cersei Lannister	Unknown	41	1
Melara Hetherspoon	Unknown	41	1
White Rat	Unknown	41	1
Strong Sam Stone	Unknown	41	1
Maester Hellweg	Unknown	41	1
Lollys Stokeworth	Unknown	42	1
Faceless Man	Unknown	42	1
Denys Mallister (as JJ Murphy)	Unknown	42	1
Street Tough #1 (as Thomas Fava)	Unknown	42	1
Mallister Supporter	Unknown	42	1
Eyrie Guard	Unknown	42	1
Street Tough #2	Unknown	42	1
Inn Waitress	Unknown	42	1
Son of Harpy	Unknown	42	1
Dwarf Hunter #1	Unknown	42	1
Dwarf Hunter #2	Unknown	42	1
Red Priestess	Unknown	43	1
Brothel Guard	Unknown	43	1
Despondent Man	Unknown	43	1
Sellsword (as Matt McArdel)	Unknown	43	1
Sellsword	Unknown	43	1
Clea	Unknown	43	1
Beggar	Unknown	43	1
The Mother of Dragons	Unknown	43	1
The Warrior	Unknown	43	1
The Smith	Unknown	43	1
The Mother	Unknown	43	1
The Maiden	Unknown	43	1
The Crone	Unknown	43	1
Merchant Captain	Unknown	44	1
Lead Dornish Guard	Unknown	44	1
Faith Militant #1	Unknown	44	1
Faith Militant #2	Unknown	44	1
Meereenese Fighter	Unknown	44	1
Lead Kingsguard	Unknown	44	1
Foreign Merchant	Unknown	44	1
Brothel Customer	Unknown	44	1
Master Eaton	Unknown	45	1
Great Master #1 (as Ratib Asghar)	Unknown	45	1
Elboneno	Unknown	45	1
Great Master #4	Unknown	45	1
Great Master #5	Unknown	45	1
Great Master #6	Unknown	45	1
Great Master #7	Unknown	45	1
Slaver	Unknown	46	1
Joss	Unknown	46	1
Derek	Unknown	47	1
Brant	Unknown	47	1
Karsi	Unknown	48	1
Loboda	Unknown	48	1
Lord of Bones	Unknown	48	1
Wildling Elder	Unknown	48	1
Braavosi Captain	Unknown	48	1
Pit Announcer	Unknown	49	1
Braavosi Madam	Unknown	49	1
Young Braavosi	Unknown	49	1
Pit Fighter	Unknown	49	1
Brusco	Unknown	49	1
Sailor	Unknown	49	1
Young Baratheon Soldier	Unknown	49	1
Anara	Unknown	49	1
Brea	Unknown	49	1
Braavosi Prostitute #1	Unknown	49	1
Braavosi Prostitute #4	Unknown	49	1
Baratheon General	Unknown	50	1
Septa #1	Unknown	50	1
Septa #2	Unknown	50	1
Child Braavosi Prostitute #2	Unknown	50	1
Child Braavosi Prostitute #1	Unknown	50	1
Young Baratheon Soldier #2	Unknown	50	1
Young Baratheon Soldier #1	Unknown	50	1
Gordy	Unknown	50	1
Simpson	Unknown	50	1
Woodcutter (as Ralph R. Clemente)	Unknown	50	1
Drunkard	Unknown	50	1
Half Naked Woman	Unknown	50	1
Naked Man	Unknown	50	1
Cersei Body Double	Unknown	50	1